user,07 3 2022,09 3 2022,10 3 2022,11 3 2022,12 3 2022,14 3 2022,15 3 2022,16 3 2022,17 3 2022,18 3 2022,19 3 2022,20 3 2022,21 3 2022,22 3 2022,23 3 2022,24 3 2022,25 3 2022,26 3 2022,27 3 2022,28 3 2022,29 3 2022,30 3 2022,31 3 2022,01 4 2022,02 4 2022,03 4 2022,04 4 2022,05 4 2022,06 4 2022,07 4 2022,08 4 2022,10 4 2022,11 4 2022,12 4 2022,13 4 2022,14 4 2022,15 4 2022,16 4 2022,17 4 2022,18 4 2022,19 4 2022,20 4 2022,21 4 2022,22 4 2022,23 4 2022,24 4 2022,25 4 2022,26 4 2022,27 4 2022,28 4 2022,29 4 2022,02 5 2022,04 5 2022,05 5 2022,06 5 2022,09 5 2022,11 5 2022,13 5 2022
113,500.0,625.0,625.0,625.0,750.0,900.0,1850.0,1860.0,2020.0,2020.0,2390.0,2390.0,2390.0,3073.0,3073.0,3073.0,3073.0,3833.0,3833.0,3833.0,4983.0,4983.0,4983.0,5283.0,5283.0,5283.0,5283.0,6033.0,6733.0,6743.0,7143.0,7143.0,7143.0,7943.0,7943.0,7943.0,7943.0,7943.0,7943.0,7943.0,8393.0,8543.0,8543.0,9003.0,9003.0,9003.0,9003.0,9963.0,10363.0,10363.0,10363.0,10363.0,10363.0,10363.0,10363.0,10363.0,10363.0,10363.0
114,500.0,565.0,565.0,690.0,690.0,690.0,1057.0,1357.0,1357.0,1627.0,1627.0,1627.0,1627.0,2427.0,2427.0,2427.0,2427.0,2827.0,2827.0,2977.0,3752.0,3962.0,3962.0,4362.0,4362.0,4362.0,4362.0,4812.0,4962.0,4962.0,5412.0,5412.0,5412.0,5912.0,5912.0,5912.0,5912.0,5912.0,5912.0,5912.0,6712.0,6862.0,6862.0,6882.0,7282.0,7582.0,7582.0,7982.0,7982.0,10367.0,10367.0,10367.0,10367.0,10367.0,10697.0,10697.0,10697.0,10697.0
115,500.0,600.0,600.0,665.0,665.0,665.0,665.0,815.0,815.0,1365.0,1365.0,1365.0,1365.0,1598.0,1758.0,1758.0,1818.0,2218.0,2218.0,2218.0,3018.0,3168.0,3168.0,3388.0,3388.0,3388.0,3388.0,4213.0,4413.0,4413.0,4813.0,4813.0,4813.0,5413.0,5413.0,5813.0,5813.0,5813.0,5813.0,5813.0,6463.0,6613.0,6738.0,7198.0,7198.0,7198.0,7198.0,8148.0,8148.0,10413.0,10413.0,10413.0,10563.0,10563.0,10773.0,10773.0,10773.0,10773.0
116,500.0,500.0,500.0,565.0,565.0,565.0,565.0,715.0,715.0,725.0,875.0,875.0,875.0,875.0,1025.0,1025.0,1025.0,1425.0,1425.0,1425.0,1425.0,1645.0,1645.0,1755.0,1755.0,1755.0,1755.0,1755.0,1905.0,1905.0,2355.0,2355.0,2355.0,2355.0,2355.0,2355.0,2355.0,2355.0,2355.0,2355.0,2355.0,2505.0,2505.0,2505.0,2905.0,2905.0,3305.0,3715.0,3715.0,4915.0,4915.0,4915.0,5065.0,8282.0,8282.0,8282.0,8282.0,8282.0
117,500.0,625.0,625.0,750.0,750.0,900.0,1600.0,1910.0,1910.0,2710.0,2710.0,2710.0,2710.0,3320.0,3770.0,3780.0,4240.0,4650.0,4650.0,4650.0,5725.0,5875.0,5875.0,6275.0,6275.0,6275.0,6275.0,6900.0,7250.0,7250.0,7650.0,7650.0,7650.0,8350.0,8350.0,8350.0,8350.0,8350.0,8350.0,8350.0,9150.0,9300.0,9300.0,9700.0,9700.0,9700.0,9700.0,10250.0,10250.0,12650.0,12650.0,12650.0,12800.0,12800.0,13540.0,13540.0,13540.0,13540.0
118,500.0,500.0,500.0,500.0,500.0,500.0,500.0,500.0,500.0,500.0,500.0,500.0,500.0,500.0,500.0,500.0,500.0,500.0,500.0,500.0,500.0,500.0,500.0,500.0,500.0,500.0,500.0,500.0,500.0,500.0,500.0,500.0,500.0,500.0,500.0,500.0,500.0,500.0,500.0,500.0,500.0,500.0,500.0,500.0,500.0,500.0,500.0,500.0,500.0,500.0,500.0,500.0,500.0,500.0,500.0,500.0,500.0,500.0
119,500.0,500.0,500.0,500.0,500.0,500.0,500.0,500.0,500.0,500.0,500.0,500.0,500.0,500.0,500.0,500.0,500.0,500.0,500.0,500.0,500.0,500.0,500.0,500.0,500.0,500.0,500.0,500.0,500.0,500.0,500.0,500.0,500.0,500.0,500.0,500.0,500.0,500.0,500.0,500.0,500.0,500.0,500.0,500.0,500.0,500.0,500.0,500.0,500.0,500.0,500.0,500.0,500.0,500.0,500.0,500.0,500.0,500.0
120,500.0,625.0,625.0,750.0,750.0,750.0,1617.0,1937.0,1937.0,2272.0,2272.0,2272.0,2672.0,3089.0,3239.0,3689.0,3749.0,4149.0,4149.0,4149.0,4841.0,5041.0,5041.0,5441.0,5441.0,5441.0,5441.0,6066.0,6266.0,6266.0,7336.0,7336.0,7336.0,7836.0,7836.0,7836.0,7836.0,7836.0,7836.0,8636.0,8986.0,9136.0,9136.0,9136.0,9536.0,9536.0,9536.0,10086.0,10086.0,12711.0,12711.0,12711.0,12711.0,12711.0,13331.0,13481.0,13481.0,13481.0
121,500.0,500.0,500.0,625.0,625.0,625.0,625.0,925.0,925.0,925.0,925.0,925.0,925.0,925.0,1025.0,1025.0,1025.0,1425.0,1425.0,1425.0,1425.0,1575.0,1575.0,1935.0,1935.0,1935.0,1935.0,1935.0,2085.0,2085.0,2485.0,2485.0,2485.0,2485.0,2485.0,2485.0,2485.0,2485.0,2485.0,2485.0,2485.0,2675.0,2675.0,3085.0,3085.0,3085.0,3085.0,3085.0,3485.0,6315.0,6315.0,6315.0,6315.0,8865.0,8865.0,8865.0,8865.0,8865.0
122,500.0,500.0,500.0,500.0,500.0,500.0,500.0,500.0,500.0,500.0,500.0,500.0,500.0,500.0,500.0,500.0,500.0,500.0,500.0,500.0,500.0,500.0,500.0,500.0,500.0,500.0,500.0,500.0,500.0,500.0,500.0,500.0,500.0,500.0,500.0,500.0,500.0,500.0,500.0,500.0,500.0,500.0,500.0,500.0,500.0,500.0,500.0,500.0,500.0,500.0,500.0,500.0,500.0,500.0,500.0,500.0,500.0,500.0
123,500.0,625.0,625.0,750.0,750.0,900.0,1800.0,2110.0,2110.0,2510.0,2510.0,2510.0,2510.0,3110.0,3260.0,3260.0,3320.0,3730.0,3730.0,3730.0,4755.0,4955.0,4955.0,5355.0,5355.0,5355.0,5355.0,6180.0,6390.0,6390.0,6790.0,6790.0,7190.0,7790.0,7790.0,7790.0,7790.0,7790.0,7790.0,7790.0,8290.0,8440.0,8565.0,8625.0,9035.0,9035.0,9035.0,9185.0,9185.0,11845.0,11845.0,11845.0,11845.0,11845.0,11845.0,11845.0,11845.0,11845.0
124,500.0,625.0,625.0,750.0,750.0,900.0,1700.0,2010.0,2010.0,2280.0,2280.0,2280.0,2280.0,2980.0,3130.0,3130.0,3190.0,3590.0,3590.0,3590.0,4390.0,4540.0,4540.0,4940.0,4940.0,4940.0,4940.0,4940.0,4940.0,4940.0,5390.0,5390.0,5390.0,6215.0,6215.0,6215.0,6215.0,6215.0,6215.0,6215.0,6215.0,6215.0,6215.0,6215.0,6215.0,6215.0,6215.0,7415.0,7415.0,7415.0,7415.0,7415.0,7415.0,7415.0,7415.0,7415.0,7415.0,7415.0
125,500.0,625.0,625.0,750.0,750.0,1300.0,2050.0,2060.0,2460.0,3320.0,3720.0,3720.0,3730.0,4880.0,4880.0,5065.0,5065.0,5065.0,5075.0,5410.0,7110.0,7910.0,8470.0,10700.0,10750.0,10750.0,11175.0,13075.0,13225.0,13625.0,13775.0,13775.0,13775.0,14425.0,14425.0,14425.0,14425.0,14425.0,14425.0,14425.0,15275.0,15425.0,15425.0,15725.0,15725.0,15725.0,15725.0,15875.0,15875.0,15875.0,15875.0,15875.0,16025.0,16025.0,17025.0,17025.0,17025.0,17025.0
126,500.0,625.0,625.0,750.0,750.0,1300.0,2017.0,2027.0,2027.0,2487.0,2487.0,2487.0,2487.0,3270.0,3270.0,3765.0,3765.0,3765.0,3765.0,4100.0,4825.0,4825.0,5235.0,5315.0,5315.0,5315.0,5315.0,5315.0,5315.0,5315.0,5315.0,5315.0,5315.0,5315.0,5315.0,5315.0,5315.0,5315.0,5315.0,5315.0,5315.0,5315.0,5315.0,5315.0,5315.0,5315.0,5315.0,5315.0,5315.0,5315.0,5315.0,5315.0,5315.0,5315.0,5315.0,5315.0,5315.0,5315.0
127,500.0,625.0,625.0,625.0,750.0,1050.0,2067.0,2067.0,2077.0,2077.0,2477.0,2477.0,2477.0,2944.0,2944.0,2944.0,2944.0,3344.0,3344.0,3344.0,4669.0,4669.0,4669.0,4969.0,4969.0,4969.0,4969.0,5919.0,5919.0,6719.0,7169.0,7169.0,7169.0,8069.0,8069.0,8069.0,8069.0,8069.0,8069.0,8069.0,9994.0,10144.0,10144.0,10554.0,10554.0,10554.0,10954.0,10954.0,10954.0,14264.0,14264.0,14264.0,14264.0,14264.0,14434.0,14434.0,14434.0,14434.0
128,500.0,500.0,500.0,500.0,500.0,500.0,500.0,500.0,500.0,500.0,500.0,500.0,500.0,500.0,500.0,500.0,500.0,500.0,500.0,500.0,500.0,500.0,500.0,500.0,500.0,500.0,500.0,500.0,500.0,500.0,500.0,500.0,500.0,500.0,500.0,500.0,500.0,500.0,500.0,500.0,500.0,500.0,500.0,500.0,500.0,500.0,500.0,500.0,500.0,500.0,500.0,500.0,500.0,500.0,500.0,500.0,500.0,500.0
129,500.0,625.0,625.0,625.0,750.0,900.0,1750.0,1750.0,1920.0,1920.0,2320.0,2320.0,2320.0,2670.0,2670.0,2670.0,2670.0,3140.0,3140.0,3140.0,4182.0,4182.0,4182.0,4582.0,4582.0,4582.0,4582.0,5292.0,5292.0,5292.0,5692.0,5692.0,5692.0,6392.0,6392.0,6392.0,6392.0,6392.0,6392.0,6392.0,7142.0,7292.0,7292.0,7762.0,7762.0,7762.0,7762.0,7992.0,8392.0,11802.0,11802.0,11802.0,11952.0,11952.0,12462.0,12462.0,12462.0,12462.0
130,500.0,625.0,625.0,750.0,750.0,900.0,1433.0,1743.0,1743.0,2143.0,2143.0,2143.0,2143.0,2543.0,3093.0,3093.0,3153.0,3563.0,3563.0,3563.0,3688.0,3838.0,3838.0,4238.0,4238.0,4238.0,4238.0,4738.0,4948.0,5348.0,5748.0,5748.0,6048.0,6848.0,6848.0,6848.0,6848.0,6848.0,6848.0,6848.0,7773.0,7923.0,7923.0,8393.0,8393.0,8393.0,8393.0,8393.0,8843.0,11323.0,12133.0,12133.0,12283.0,12283.0,12823.0,12823.0,12823.0,12823.0
131,500.0,500.0,500.0,500.0,500.0,500.0,500.0,500.0,500.0,500.0,500.0,500.0,500.0,500.0,500.0,500.0,500.0,500.0,500.0,500.0,500.0,500.0,500.0,500.0,500.0,500.0,500.0,500.0,500.0,500.0,500.0,500.0,500.0,500.0,500.0,500.0,500.0,500.0,500.0,500.0,500.0,500.0,500.0,500.0,500.0,500.0,500.0,500.0,500.0,500.0,500.0,500.0,500.0,500.0,500.0,500.0,500.0,500.0
132,500.0,625.0,625.0,750.0,750.0,900.0,1450.0,1760.0,1760.0,2160.0,2160.0,2160.0,2160.0,2560.0,2710.0,2810.0,2870.0,3280.0,3280.0,3680.0,4755.0,4905.0,4905.0,5305.0,5305.0,5305.0,5305.0,6340.0,6550.0,6600.0,7400.0,7400.0,7400.0,8300.0,8300.0,8300.0,8300.0,8300.0,8300.0,8300.0,9000.0,9150.0,9150.0,9550.0,9550.0,9550.0,9550.0,9700.0,10100.0,12500.0,12500.0,12500.0,12650.0,12650.0,12650.0,12650.0,13220.0,13220.0
133,500.0,625.0,625.0,750.0,750.0,1300.0,1933.0,2243.0,2243.0,2643.0,2643.0,2643.0,3043.0,3743.0,3903.0,3903.0,3963.0,4673.0,4673.0,4683.0,6508.0,6708.0,6708.0,7108.0,7108.0,7108.0,7108.0,7933.0,8543.0,8543.0,9083.0,9083.0,9883.0,10783.0,10783.0,10783.0,10783.0,10783.0,10783.0,11583.0,11833.0,11983.0,11983.0,12383.0,12383.0,12383.0,12383.0,12383.0,12383.0,14783.0,14783.0,14783.0,14783.0,14783.0,15403.0,15403.0,15403.0,15403.0
134,500.0,625.0,625.0,625.0,625.0,775.0,1325.0,2025.0,2025.0,2360.0,2360.0,2360.0,2360.0,2927.0,3077.0,3077.0,3137.0,3537.0,3537.0,3937.0,4062.0,4272.0,4272.0,4672.0,4672.0,4672.0,4672.0,5472.0,5672.0,5672.0,6072.0,6072.0,6072.0,6597.0,6597.0,6597.0,6597.0,6597.0,6597.0,6597.0,7147.0,7297.0,7297.0,7367.0,7767.0,7767.0,8167.0,8167.0,8167.0,11742.0,11742.0,11742.0,11742.0,11742.0,11742.0,11742.0,11742.0,11742.0
135,500.0,625.0,625.0,625.0,750.0,750.0,2250.0,2250.0,2420.0,2420.0,2820.0,2820.0,2820.0,4070.0,4070.0,4380.0,4530.0,5000.0,5000.0,5400.0,7275.0,7275.0,7275.0,7685.0,7685.0,7685.0,7995.0,9055.0,9055.0,9055.0,9455.0,9455.0,9855.0,11550.0,11550.0,11550.0,11550.0,11550.0,11550.0,12750.0,14550.0,14700.0,14700.0,15100.0,15100.0,15100.0,15100.0,16450.0,16450.0,19210.0,19210.0,19210.0,19360.0,19360.0,20250.0,20250.0,20250.0,20250.0
136,500.0,625.0,625.0,625.0,750.0,1450.0,2200.0,2220.0,2220.0,2220.0,2620.0,2620.0,3020.0,4120.0,4430.0,4955.0,4955.0,5425.0,5425.0,5435.0,6635.0,7535.0,7535.0,7835.0,7835.0,7835.0,8145.0,9100.0,9100.0,9100.0,9500.0,9500.0,9900.0,10800.0,10800.0,10800.0,10800.0,10800.0,10800.0,12400.0,13250.0,13400.0,13400.0,13800.0,13800.0,13800.0,13800.0,14900.0,14900.0,17300.0,18500.0,18500.0,18650.0,18650.0,19550.0,19550.0,19550.0,19550.0
137,500.0,625.0,625.0,625.0,750.0,1450.0,2200.0,2620.0,2620.0,2620.0,3420.0,3420.0,3820.0,4670.0,4980.0,5105.0,5105.0,5975.0,5975.0,5985.0,7035.0,8085.0,8085.0,8385.0,8385.0,9400.0,10200.0,10850.0,11650.0,11650.0,12450.0,12450.0,12450.0,12950.0,12950.0,12950.0,12950.0,12950.0,12950.0,12950.0,14400.0,14550.0,14550.0,14950.0,14950.0,14950.0,15100.0,15250.0,15250.0,17650.0,17650.0,17650.0,17800.0,17850.0,18850.0,18850.0,18850.0,18850.0
138,500.0,625.0,1025.0,1025.0,1150.0,1700.0,2717.0,2717.0,2727.0,2877.0,3277.0,3277.0,3677.0,4504.0,4504.0,5379.0,5379.0,5849.0,5849.0,6909.0,7759.0,7759.0,8309.0,8709.0,9659.0,9669.0,9669.0,11484.0,11884.0,11884.0,14184.0,14184.0,14184.0,15084.0,15084.0,15084.0,15084.0,15084.0,15084.0,15084.0,15984.0,16134.0,16284.0,16684.0,16684.0,16684.0,16684.0,16834.0,16834.0,19504.0,19504.0,19504.0,19654.0,19654.0,20654.0,20654.0,20654.0,20654.0
139,500.0,625.0,625.0,625.0,625.0,625.0,1550.0,1550.0,1550.0,1560.0,1560.0,1560.0,1560.0,2443.0,2443.0,2868.0,2868.0,3328.0,3328.0,3728.0,5228.0,5228.0,5228.0,5228.0,5228.0,5228.0,5228.0,5803.0,5803.0,5803.0,6073.0,6073.0,6073.0,6573.0,7523.0,7523.0,7523.0,7523.0,7523.0,8723.0,9373.0,9773.0,9773.0,9923.0,10323.0,10323.0,10323.0,10323.0,10323.0,12618.0,12618.0,12618.0,12618.0,12618.0,13258.0,13408.0,13408.0,13408.0
140,500.0,625.0,625.0,750.0,750.0,750.0,900.0,900.0,910.0,1330.0,1330.0,1330.0,1730.0,2347.0,2347.0,2347.0,2347.0,2347.0,2357.0,3532.0,4332.0,4332.0,4332.0,4722.0,4722.0,4722.0,5022.0,5882.0,6432.0,6882.0,6882.0,6882.0,6882.0,7707.0,7707.0,7707.0,7707.0,7707.0,7707.0,7707.0,8407.0,8557.0,8557.0,8907.0,8907.0,8907.0,9307.0,9307.0,9307.0,12487.0,12537.0,12537.0,12537.0,12537.0,12537.0,12537.0,12537.0,12537.0
141,500.0,625.0,625.0,625.0,750.0,750.0,1300.0,1310.0,1310.0,1460.0,1860.0,1860.0,1860.0,2543.0,2543.0,2543.0,2543.0,3013.0,3013.0,3013.0,3988.0,3988.0,3988.0,4388.0,4388.0,4388.0,4388.0,5165.0,5165.0,5165.0,5565.0,5565.0,5565.0,6165.0,6165.0,6165.0,6165.0,6165.0,6165.0,6165.0,7040.0,7190.0,7190.0,7600.0,7600.0,7600.0,7600.0,7830.0,7830.0,10900.0,10900.0,10900.0,10900.0,10900.0,11210.0,11210.0,11210.0,11210.0
142,500.0,625.0,625.0,625.0,750.0,900.0,1850.0,2260.0,2420.0,2420.0,2820.0,2820.0,2820.0,3780.0,5030.0,5030.0,5030.0,5500.0,5500.0,5500.0,6450.0,6450.0,6450.0,6850.0,6850.0,6850.0,6850.0,7685.0,7685.0,7685.0,8085.0,8085.0,8085.0,9285.0,9285.0,9285.0,9285.0,9285.0,9285.0,9285.0,10185.0,10335.0,10335.0,10800.0,10800.0,10800.0,10800.0,12300.0,12300.0,16260.0,16260.0,16260.0,16410.0,16410.0,17250.0,17250.0,17250.0,17250.0
143,500.0,625.0,625.0,750.0,750.0,900.0,1517.0,1517.0,1527.0,1987.0,1987.0,1987.0,1987.0,2504.0,2504.0,2564.0,2564.0,2564.0,2564.0,2899.0,3549.0,3549.0,3674.0,3754.0,3754.0,3754.0,3754.0,4654.0,5204.0,5604.0,5604.0,5604.0,5604.0,6529.0,6529.0,6529.0,6529.0,6529.0,6529.0,6529.0,7129.0,7279.0,7279.0,7579.0,7579.0,7579.0,8379.0,9339.0,9339.0,10139.0,10139.0,10139.0,10139.0,10139.0,10349.0,10349.0,10349.0,10349.0
144,500.0,625.0,625.0,750.0,750.0,750.0,1717.0,1727.0,1727.0,2147.0,2147.0,2147.0,2157.0,2807.0,3107.0,3442.0,3442.0,3442.0,3442.0,3817.0,4717.0,4717.0,4717.0,5107.0,5107.0,5107.0,5107.0,6302.0,6852.0,7252.0,7252.0,7252.0,7652.0,8252.0,8252.0,8252.0,8252.0,8252.0,8252.0,8252.0,9002.0,9152.0,9152.0,9552.0,9552.0,9552.0,9552.0,9702.0,9702.0,11982.0,11982.0,11982.0,12132.0,12132.0,12952.0,12952.0,12952.0,12952.0
145,500.0,625.0,625.0,750.0,750.0,900.0,1900.0,1920.0,1920.0,2720.0,2720.0,2720.0,2720.0,3503.0,3903.0,3963.0,3963.0,3963.0,3963.0,4673.0,5523.0,5523.0,5523.0,5913.0,5913.0,5913.0,5913.0,6763.0,7313.0,7838.0,7838.0,7838.0,7838.0,8738.0,8738.0,8738.0,8738.0,8738.0,8738.0,8738.0,9388.0,10638.0,10638.0,11438.0,11438.0,11438.0,11438.0,12373.0,12373.0,12373.0,12373.0,12373.0,12523.0,12523.0,12983.0,12983.0,12983.0,12983.0
146,500.0,625.0,625.0,750.0,750.0,1300.0,2233.0,2233.0,2253.0,2673.0,2673.0,2673.0,2673.0,3756.0,3756.0,4241.0,4241.0,4241.0,4241.0,4616.0,5616.0,6016.0,6016.0,7306.0,7306.0,7306.0,7306.0,8081.0,8401.0,8801.0,8801.0,8801.0,8801.0,9451.0,9451.0,9451.0,9451.0,9451.0,10251.0,10251.0,10951.0,11101.0,11101.0,11501.0,11501.0,12051.0,12051.0,12851.0,12851.0,16331.0,16331.0,16331.0,16331.0,16331.0,16831.0,16831.0,16831.0,16831.0
147,500.0,625.0,625.0,750.0,750.0,1300.0,2350.0,2920.0,2920.0,3230.0,3230.0,3230.0,3230.0,4480.0,4480.0,4975.0,4975.0,4975.0,4975.0,6510.0,8020.0,8020.0,8020.0,8120.0,8120.0,8120.0,9330.0,10845.0,10995.0,11385.0,11385.0,11385.0,11385.0,11985.0,11985.0,11985.0,11985.0,11985.0,11985.0,11985.0,13735.0,13885.0,14785.0,15135.0,15135.0,15135.0,15135.0,15135.0,15135.0,17820.0,17820.0,17820.0,17970.0,17970.0,17970.0,17970.0,17970.0,17970.0
148,500.0,625.0,625.0,750.0,750.0,900.0,1750.0,2060.0,2070.0,2870.0,2870.0,3270.0,3270.0,4203.0,4353.0,4778.0,4838.0,6048.0,6048.0,6098.0,7148.0,7608.0,8008.0,8558.0,8558.0,8558.0,9333.0,10183.0,10333.0,10333.0,10883.0,10883.0,10883.0,11783.0,11783.0,12583.0,12583.0,12583.0,12583.0,12733.0,13933.0,14083.0,14083.0,14083.0,14483.0,14883.0,14883.0,15833.0,16633.0,19273.0,20073.0,20073.0,20223.0,20223.0,21223.0,21223.0,21223.0,21223.0
149,500.0,625.0,625.0,750.0,750.0,900.0,2017.0,2187.0,2587.0,3297.0,3297.0,3297.0,3297.0,4790.0,4790.0,4975.0,4975.0,5125.0,5125.0,5860.0,6970.0,6970.0,7520.0,7620.0,7620.0,7930.0,8845.0,9445.0,9595.0,9985.0,10785.0,10785.0,10935.0,12135.0,12135.0,12135.0,12135.0,12135.0,12135.0,12935.0,13435.0,13585.0,14485.0,14835.0,14835.0,14835.0,14835.0,14985.0,14985.0,17670.0,17670.0,17670.0,17820.0,17820.0,18820.0,18820.0,18820.0,18820.0
150,500.0,625.0,625.0,750.0,750.0,900.0,1725.0,2145.0,2145.0,3305.0,3305.0,3305.0,3305.0,4732.0,5282.0,5467.0,5467.0,5467.0,5467.0,5867.0,8177.0,8327.0,8477.0,9567.0,9717.0,9892.0,9892.0,10592.0,10742.0,11142.0,11142.0,11142.0,11942.0,13242.0,13242.0,14042.0,14042.0,14042.0,14042.0,14042.0,15042.0,15842.0,15992.0,16392.0,16392.0,16392.0,16392.0,16542.0,16542.0,18912.0,18912.0,18912.0,19062.0,19062.0,20062.0,20062.0,20062.0,20062.0
151,500.0,625.0,625.0,750.0,750.0,900.0,1525.0,1835.0,1835.0,2115.0,2115.0,2115.0,2115.0,2648.0,3108.0,3233.0,3293.0,3693.0,3693.0,3693.0,4303.0,4453.0,4763.0,5163.0,5163.0,5163.0,5163.0,6178.0,6328.0,6328.0,6728.0,6728.0,6728.0,7278.0,7278.0,7278.0,7278.0,7278.0,7278.0,7278.0,7778.0,7928.0,7928.0,7928.0,8328.0,8328.0,8328.0,8478.0,8478.0,10863.0,10863.0,10863.0,10863.0,10863.0,10863.0,10863.0,10863.0,10863.0
152,500.0,625.0,625.0,688.0,688.0,838.0,1905.0,2715.0,2715.0,3515.0,3515.0,3515.0,3515.0,4875.0,4875.0,5370.0,5370.0,5370.0,5370.0,5770.0,6780.0,6780.0,6780.0,7170.0,7170.0,7170.0,7170.0,8395.0,8945.0,9345.0,10145.0,10145.0,11895.0,14045.0,14045.0,14045.0,14045.0,14045.0,14045.0,14045.0,14795.0,14945.0,14945.0,15345.0,15345.0,15345.0,15345.0,15495.0,15495.0,15495.0,15495.0,15495.0,15495.0,15495.0,16495.0,16495.0,16495.0,16495.0
153,500.0,625.0,625.0,750.0,750.0,1300.0,2300.0,2720.0,2720.0,3080.0,3080.0,3080.0,3080.0,4047.0,4757.0,4942.0,4942.0,4942.0,4942.0,5902.0,8002.0,8002.0,8002.0,9092.0,9242.0,9242.0,9242.0,10367.0,10917.0,12117.0,12267.0,12267.0,12267.0,13867.0,13867.0,13867.0,13867.0,13867.0,13867.0,13867.0,15667.0,15817.0,15817.0,16217.0,16317.0,16317.0,16317.0,16467.0,16467.0,18837.0,18837.0,18837.0,18987.0,18987.0,19987.0,19987.0,19987.0,19987.0
154,500.0,625.0,625.0,750.0,750.0,1300.0,2600.0,2620.0,2620.0,3420.0,3820.0,3820.0,3820.0,5120.0,5430.0,5615.0,5615.0,5615.0,5615.0,6025.0,6902.0,6902.0,6902.0,7292.0,7292.0,7292.0,7292.0,8407.0,8557.0,8957.0,8957.0,8957.0,9357.0,11057.0,11057.0,11057.0,11057.0,11057.0,11057.0,11857.0,14207.0,14357.0,14357.0,14757.0,14757.0,14757.0,14757.0,14907.0,14907.0,14907.0,14907.0,14907.0,14907.0,14907.0,15907.0,15907.0,15907.0,15907.0
155,500.0,625.0,625.0,750.0,750.0,750.0,1750.0,2060.0,2060.0,2470.0,2470.0,2470.0,2470.0,3170.0,3320.0,3320.0,3380.0,4090.0,4090.0,4490.0,5540.0,5740.0,5840.0,6250.0,6250.0,6250.0,6650.0,7575.0,8185.0,8185.0,8625.0,8625.0,8625.0,10125.0,10125.0,10125.0,10125.0,10125.0,10125.0,10125.0,10925.0,11075.0,11075.0,11475.0,11475.0,11475.0,11475.0,11625.0,11625.0,14025.0,14025.0,14025.0,14175.0,14175.0,14835.0,14835.0,14835.0,14835.0
156,500.0,625.0,625.0,750.0,750.0,750.0,1225.0,1535.0,1935.0,2345.0,2345.0,2345.0,2345.0,2545.0,3095.0,3095.0,3095.0,3505.0,3505.0,3805.0,5105.0,5315.0,5315.0,5715.0,5715.0,5715.0,6615.0,6965.0,7125.0,7125.0,7575.0,7575.0,7575.0,8025.0,8025.0,8025.0,8025.0,8025.0,8025.0,8025.0,8725.0,8875.0,8875.0,8875.0,9285.0,9285.0,9285.0,10135.0,10135.0,12855.0,12855.0,12855.0,12855.0,12855.0,12855.0,12855.0,12855.0,12855.0
157,500.0,625.0,625.0,625.0,625.0,1025.0,1442.0,1602.0,1602.0,2402.0,2402.0,2402.0,2802.0,3169.0,4439.0,4439.0,4439.0,4839.0,4839.0,4839.0,5741.0,5941.0,5941.0,6361.0,6361.0,6361.0,6361.0,7211.0,8061.0,8461.0,9926.0,9926.0,11676.0,12676.0,13476.0,13476.0,13476.0,13476.0,13476.0,13476.0,14226.0,14726.0,14726.0,14726.0,15126.0,15126.0,15126.0,15126.0,15126.0,15126.0,15126.0,15126.0,15126.0,15126.0,15916.0,15916.0,15916.0,15916.0
158,500.0,625.0,625.0,625.0,625.0,1175.0,2000.0,2010.0,2420.0,2780.0,3180.0,3180.0,3180.0,3880.0,4190.0,4590.0,4590.0,4740.0,4740.0,5690.0,6850.0,6850.0,7035.0,8375.0,8375.0,8375.0,8600.0,10300.0,10450.0,10850.0,11000.0,11000.0,11400.0,13050.0,13450.0,13450.0,13450.0,13450.0,13450.0,13450.0,15200.0,15350.0,15350.0,15750.0,15750.0,15750.0,15750.0,16400.0,16550.0,18920.0,18920.0,18920.0,19070.0,19070.0,20070.0,20070.0,20070.0,20070.0
159,500.0,625.0,625.0,750.0,750.0,750.0,1450.0,1760.0,1760.0,1760.0,2160.0,2160.0,2160.0,2560.0,2710.0,3560.0,3560.0,3970.0,3970.0,3970.0,4770.0,4970.0,5770.0,6170.0,6170.0,6170.0,6170.0,6887.0,7037.0,7037.0,7912.0,7912.0,8812.0,9522.0,9522.0,9522.0,9522.0,9522.0,9522.0,9522.0,9522.0,9672.0,9672.0,10917.0,10917.0,10917.0,10917.0,11067.0,11067.0,13707.0,13707.0,13707.0,13707.0,13707.0,14197.0,14197.0,14197.0,14197.0
160,500.0,625.0,625.0,750.0,750.0,900.0,2000.0,2310.0,2410.0,2810.0,2810.0,2810.0,2810.0,3510.0,3660.0,3660.0,4020.0,4430.0,4430.0,4430.0,5315.0,5515.0,5915.0,6325.0,6325.0,6325.0,6325.0,6950.0,7300.0,7300.0,7700.0,7700.0,7700.0,9300.0,9300.0,9300.0,9300.0,9300.0,9300.0,9300.0,10000.0,10150.0,10150.0,10550.0,10550.0,10550.0,10550.0,10700.0,10700.0,13100.0,13100.0,13100.0,13250.0,13250.0,13970.0,13970.0,13970.0,13970.0
161,500.0,625.0,625.0,625.0,750.0,750.0,1400.0,1400.0,1410.0,1570.0,1970.0,1970.0,1970.0,2997.0,2997.0,3272.0,3272.0,3742.0,3742.0,3742.0,4742.0,4742.0,4742.0,5142.0,5142.0,5142.0,5142.0,6177.0,6177.0,6177.0,6577.0,6577.0,6577.0,7377.0,7377.0,7377.0,7377.0,7377.0,7377.0,7377.0,8367.0,8517.0,8917.0,8917.0,8917.0,8917.0,8917.0,9467.0,9467.0,12402.0,12402.0,12402.0,12402.0,12402.0,13062.0,13062.0,13062.0,13062.0
162,500.0,625.0,625.0,750.0,750.0,1300.0,1900.0,2210.0,2210.0,2610.0,2610.0,2610.0,2610.0,3210.0,3360.0,3760.0,3820.0,4240.0,4240.0,4540.0,5365.0,5965.0,5975.0,7275.0,7275.0,7275.0,7275.0,8200.0,8410.0,8410.0,9760.0,9760.0,9760.0,10560.0,10560.0,10560.0,10560.0,10560.0,10560.0,10560.0,11460.0,11610.0,11650.0,11650.0,12050.0,12050.0,12050.0,12050.0,12050.0,14630.0,14630.0,14630.0,14630.0,14630.0,14630.0,14630.0,14630.0,14630.0
163,500.0,500.0,500.0,500.0,500.0,500.0,500.0,500.0,500.0,500.0,500.0,500.0,500.0,500.0,500.0,500.0,500.0,500.0,500.0,500.0,500.0,500.0,500.0,500.0,500.0,500.0,500.0,500.0,500.0,500.0,500.0,500.0,500.0,500.0,500.0,500.0,500.0,500.0,500.0,500.0,500.0,500.0,500.0,500.0,500.0,500.0,500.0,500.0,500.0,500.0,500.0,500.0,500.0,500.0,500.0,500.0,500.0,500.0
164,500.0,500.0,500.0,500.0,500.0,650.0,850.0,1000.0,1000.0,1000.0,1000.0,1000.0,1000.0,1000.0,1000.0,1000.0,1000.0,1950.0,1950.0,1950.0,2853.0,2853.0,2853.0,2853.0,2853.0,2853.0,2853.0,3470.0,3470.0,3470.0,3470.0,3470.0,3470.0,3470.0,4020.0,4020.0,4020.0,4020.0,4020.0,4020.0,4595.0,4595.0,4595.0,4645.0,5120.0,5120.0,5120.0,5120.0,5120.0,6635.0,6635.0,6635.0,6635.0,6635.0,6635.0,6635.0,6635.0,6635.0
165,500.0,625.0,625.0,625.0,625.0,775.0,1900.0,1900.0,2060.0,2460.0,2460.0,2460.0,2460.0,3727.0,4927.0,4987.0,4987.0,4987.0,4987.0,5397.0,7022.0,7022.0,7022.0,8072.0,8072.0,8072.0,8072.0,8622.0,8772.0,9222.0,9222.0,9222.0,9222.0,10022.0,10022.0,10022.0,10022.0,10022.0,10022.0,10022.0,10822.0,10972.0,10972.0,11372.0,11372.0,11372.0,11372.0,11522.0,11522.0,14177.0,14177.0,14177.0,14177.0,14177.0,14517.0,14517.0,14517.0,14517.0
166,500.0,500.0,500.0,500.0,500.0,650.0,650.0,650.0,650.0,660.0,800.0,800.0,800.0,1550.0,1550.0,2010.0,2010.0,2410.0,2410.0,2410.0,3470.0,3470.0,3470.0,3470.0,3470.0,3470.0,3470.0,4180.0,4580.0,4880.0,4880.0,4880.0,4880.0,4880.0,4880.0,4880.0,4880.0,4880.0,4880.0,4880.0,4880.0,4880.0,4880.0,4880.0,4880.0,4880.0,4880.0,4880.0,4880.0,4880.0,4930.0,4930.0,4930.0,4930.0,4930.0,4930.0,4930.0,4930.0
167,500.0,500.0,500.0,500.0,500.0,500.0,500.0,500.0,500.0,500.0,500.0,500.0,500.0,500.0,500.0,500.0,500.0,500.0,500.0,500.0,500.0,500.0,500.0,500.0,500.0,500.0,500.0,500.0,500.0,500.0,500.0,500.0,500.0,500.0,500.0,500.0,500.0,500.0,500.0,500.0,500.0,500.0,500.0,500.0,500.0,500.0,500.0,500.0,500.0,500.0,500.0,500.0,500.0,500.0,500.0,500.0,500.0,500.0
168,500.0,500.0,500.0,500.0,500.0,500.0,950.0,950.0,950.0,1500.0,1500.0,1500.0,1500.0,2117.0,2117.0,2267.0,2267.0,2267.0,2267.0,2667.0,3834.0,3834.0,3894.0,3994.0,3994.0,3994.0,3994.0,4444.0,4594.0,5119.0,5119.0,5119.0,5119.0,5519.0,5519.0,5519.0,5519.0,5519.0,5519.0,5519.0,6019.0,6169.0,6169.0,6569.0,6569.0,6569.0,6569.0,7439.0,7839.0,10084.0,10784.0,10784.0,10934.0,10934.0,11394.0,11394.0,11394.0,11394.0
169,500.0,625.0,625.0,625.0,750.0,1150.0,2067.0,2067.0,2077.0,2227.0,2627.0,2627.0,2627.0,3444.0,3444.0,3444.0,3444.0,3914.0,3914.0,3914.0,5589.0,5589.0,5589.0,5989.0,5989.0,6389.0,6389.0,7249.0,7249.0,7374.0,7774.0,7774.0,7774.0,8974.0,8974.0,8974.0,8974.0,8974.0,8974.0,8974.0,9474.0,10024.0,10024.0,10794.0,10794.0,10794.0,10794.0,11024.0,11024.0,13669.0,13669.0,13669.0,13669.0,13669.0,13669.0,13669.0,13669.0,13669.0
170,500.0,500.0,500.0,500.0,500.0,500.0,783.0,933.0,933.0,933.0,933.0,933.0,933.0,1516.0,1516.0,1641.0,1641.0,2041.0,2041.0,2041.0,3221.0,3221.0,3221.0,3221.0,3221.0,3221.0,3221.0,3921.0,3921.0,3921.0,3921.0,3921.0,3921.0,3921.0,4521.0,4521.0,4521.0,4521.0,4521.0,4521.0,4921.0,4921.0,4921.0,4921.0,5396.0,5396.0,5396.0,5396.0,5396.0,6911.0,6911.0,6911.0,7061.0,7061.0,7061.0,7061.0,7061.0,7061.0
171,500.0,500.0,500.0,500.0,500.0,650.0,775.0,925.0,925.0,925.0,935.0,1335.0,1335.0,1335.0,1335.0,1485.0,1485.0,2035.0,2035.0,2035.0,2975.0,2975.0,2975.0,2975.0,3375.0,3375.0,3375.0,3375.0,3375.0,3375.0,3375.0,3375.0,3375.0,3375.0,4375.0,4375.0,4375.0,4375.0,4375.0,4375.0,4375.0,4375.0,4375.0,4385.0,4535.0,4535.0,4535.0,4535.0,4535.0,6050.0,6050.0,6050.0,6050.0,6050.0,6050.0,6050.0,6050.0,6050.0
172,500.0,625.0,625.0,750.0,750.0,1300.0,1950.0,2120.0,2520.0,2920.0,2920.0,2920.0,2920.0,3420.0,3870.0,3995.0,4055.0,4465.0,4465.0,4465.0,5465.0,5625.0,6025.0,6425.0,6425.0,6425.0,7625.0,8550.0,8700.0,8700.0,9100.0,9100.0,9100.0,10550.0,10550.0,10550.0,10550.0,10550.0,10550.0,10550.0,11150.0,11150.0,11150.0,11150.0,11550.0,11550.0,11550.0,11550.0,11550.0,11550.0,11550.0,11550.0,11700.0,11700.0,12480.0,12480.0,12480.0,12480.0
173,500.0,625.0,625.0,750.0,750.0,900.0,1617.0,2177.0,2177.0,2577.0,2577.0,2577.0,2577.0,3344.0,3494.0,3594.0,3654.0,4064.0,4064.0,4064.0,5489.0,5689.0,5689.0,6089.0,6089.0,6089.0,6089.0,6847.0,7457.0,7457.0,8157.0,8157.0,8157.0,8757.0,8757.0,9157.0,9157.0,9157.0,9157.0,10107.0,10867.0,10867.0,10867.0,10867.0,11267.0,11267.0,11267.0,11417.0,11417.0,14267.0,14267.0,14267.0,14267.0,14267.0,14697.0,14697.0,14697.0,14697.0
174,500.0,625.0,625.0,750.0,750.0,900.0,1950.0,1950.0,2120.0,2520.0,2520.0,2520.0,2920.0,4230.0,4630.0,5615.0,5615.0,5615.0,5615.0,6425.0,7335.0,7885.0,7885.0,8275.0,8275.0,8275.0,8540.0,9490.0,10440.0,10840.0,10840.0,10840.0,12040.0,13040.0,13040.0,13040.0,13040.0,13040.0,13040.0,13040.0,13840.0,13990.0,13990.0,14390.0,14390.0,14390.0,14390.0,14540.0,14540.0,17195.0,17195.0,17195.0,17345.0,17345.0,18345.0,18345.0,18345.0,18345.0
175,500.0,625.0,625.0,750.0,750.0,900.0,1750.0,1770.0,1920.0,2320.0,2320.0,2320.0,2720.0,3620.0,4730.0,6665.0,6665.0,6665.0,6665.0,7075.0,8285.0,8285.0,8285.0,8675.0,8675.0,8675.0,9340.0,10290.0,11240.0,11640.0,11640.0,11640.0,11640.0,12640.0,13440.0,13440.0,13440.0,13440.0,13440.0,13440.0,14290.0,15640.0,15640.0,16040.0,16040.0,16040.0,16040.0,16190.0,16190.0,18845.0,18845.0,18845.0,18995.0,18995.0,19995.0,19995.0,19995.0,19995.0
176,500.0,625.0,625.0,750.0,750.0,900.0,1467.0,1627.0,1627.0,2177.0,2177.0,2177.0,2177.0,2544.0,2694.0,3004.0,3064.0,3474.0,3474.0,3874.0,4699.0,4849.0,4849.0,5059.0,5059.0,5059.0,5059.0,5759.0,5959.0,6359.0,6759.0,6759.0,6759.0,7559.0,7559.0,7559.0,7559.0,7559.0,7559.0,7559.0,8134.0,8284.0,8284.0,8694.0,8694.0,8694.0,8694.0,8694.0,8694.0,11359.0,11359.0,11359.0,11359.0,11359.0,11809.0,11809.0,11809.0,11809.0
177,500.0,625.0,625.0,625.0,625.0,1175.0,1625.0,1925.0,1925.0,2335.0,2335.0,2335.0,2335.0,3402.0,3687.0,3997.0,3997.0,4397.0,4397.0,4397.0,6382.0,6582.0,6592.0,7002.0,7002.0,7002.0,7312.0,8017.0,8567.0,8967.0,9367.0,9367.0,10167.0,10867.0,10867.0,10867.0,10867.0,10867.0,10867.0,12067.0,12917.0,13067.0,13067.0,13067.0,13467.0,13467.0,13467.0,13467.0,14267.0,18197.0,18197.0,18197.0,18197.0,18197.0,18197.0,18197.0,18197.0,18197.0
178,500.0,625.0,625.0,625.0,750.0,1300.0,2450.0,2860.0,2870.0,3020.0,3420.0,3420.0,3420.0,4320.0,4320.0,4745.0,4745.0,5215.0,5215.0,5215.0,6415.0,6415.0,6415.0,6815.0,6815.0,6815.0,6815.0,7950.0,7950.0,7950.0,8350.0,8350.0,8350.0,9450.0,9450.0,9450.0,9450.0,9450.0,9450.0,9450.0,10350.0,10500.0,10500.0,10900.0,10900.0,10900.0,10900.0,11050.0,11050.0,13585.0,13585.0,13585.0,13585.0,13585.0,13585.0,13585.0,13585.0,13585.0
179,500.0,500.0,500.0,500.0,500.0,500.0,500.0,500.0,500.0,500.0,500.0,500.0,500.0,500.0,500.0,500.0,500.0,500.0,500.0,500.0,500.0,500.0,500.0,500.0,500.0,500.0,500.0,500.0,500.0,500.0,500.0,500.0,500.0,500.0,500.0,500.0,500.0,500.0,500.0,500.0,500.0,500.0,500.0,500.0,500.0,500.0,500.0,500.0,500.0,500.0,500.0,500.0,500.0,500.0,500.0,500.0,500.0,500.0
180,500.0,625.0,625.0,625.0,750.0,900.0,2350.0,2370.0,2920.0,2920.0,3290.0,3290.0,3290.0,4207.0,4207.0,4432.0,4432.0,4892.0,4892.0,4892.0,7342.0,7342.0,8292.0,8592.0,8592.0,8592.0,8592.0,9517.0,9517.0,9517.0,9517.0,9517.0,9517.0,10267.0,10267.0,10267.0,10267.0,10267.0,10267.0,10267.0,10267.0,10267.0,10267.0,10267.0,10267.0,10267.0,10267.0,10267.0,10267.0,10267.0,10267.0,10267.0,10267.0,10267.0,10567.0,10567.0,10567.0,10567.0
181,500.0,625.0,625.0,750.0,750.0,900.0,1517.0,1677.0,1677.0,1987.0,1987.0,1987.0,1987.0,2304.0,2304.0,2489.0,2489.0,2489.0,2489.0,3224.0,3924.0,4324.0,4324.0,4424.0,4424.0,4424.0,4424.0,5249.0,5399.0,5789.0,5789.0,5789.0,5789.0,6489.0,6489.0,6489.0,6889.0,6889.0,6889.0,7689.0,8489.0,8639.0,8639.0,8989.0,8989.0,8989.0,8989.0,9199.0,9199.0,11934.0,11934.0,11934.0,12084.0,12084.0,12284.0,12284.0,12284.0,12284.0
182,500.0,625.0,625.0,625.0,750.0,1050.0,1867.0,1867.0,1887.0,2287.0,2427.0,2427.0,2827.0,3677.0,3987.0,4112.0,4112.0,4572.0,4572.0,4572.0,5982.0,5982.0,5982.0,5982.0,6882.0,6882.0,7592.0,8357.0,8757.0,8757.0,8757.0,8757.0,8757.0,9457.0,9457.0,9457.0,9457.0,9457.0,9457.0,10257.0,10257.0,10607.0,10607.0,10607.0,10607.0,10607.0,10607.0,10607.0,10607.0,10607.0,10607.0,10607.0,10607.0,10607.0,10607.0,10607.0,10607.0,10607.0
183,500.0,625.0,625.0,625.0,750.0,1050.0,1750.0,1750.0,2170.0,2170.0,2310.0,2310.0,2310.0,3370.0,3770.0,3770.0,3770.0,4230.0,4230.0,4640.0,5765.0,5765.0,5765.0,5765.0,5765.0,6075.0,6975.0,8125.0,8525.0,8540.0,8540.0,8540.0,8540.0,9940.0,9940.0,9940.0,9940.0,9940.0,9940.0,9940.0,9940.0,10490.0,10490.0,10490.0,10490.0,10490.0,10490.0,10490.0,10490.0,10490.0,10490.0,10490.0,10640.0,10640.0,11330.0,11330.0,11330.0,11330.0
184,500.0,625.0,625.0,625.0,750.0,900.0,1650.0,2070.0,2620.0,2620.0,2990.0,2990.0,3390.0,4090.0,4090.0,4400.0,4400.0,4860.0,4860.0,5260.0,6435.0,6435.0,7385.0,8485.0,8485.0,8485.0,8485.0,9385.0,9385.0,9385.0,9385.0,9385.0,9385.0,10285.0,10285.0,10285.0,10285.0,10285.0,10285.0,10285.0,10285.0,10285.0,10285.0,10285.0,10285.0,10285.0,10285.0,10285.0,10285.0,10285.0,10285.0,10285.0,10285.0,10285.0,10285.0,10285.0,10285.0,10285.0
185,500.0,625.0,625.0,625.0,625.0,1175.0,2150.0,2170.0,2170.0,2720.0,2720.0,2720.0,2720.0,3503.0,3813.0,3998.0,3998.0,3998.0,3998.0,4408.0,5308.0,5308.0,5308.0,5408.0,5408.0,5408.0,5408.0,6183.0,6583.0,6983.0,6983.0,6983.0,6983.0,7683.0,8483.0,8483.0,8483.0,8483.0,8483.0,8483.0,8483.0,9333.0,9333.0,9733.0,9733.0,9733.0,9733.0,9733.0,9733.0,11578.0,11578.0,11578.0,11728.0,11728.0,12348.0,12348.0,12348.0,12348.0
186,500.0,625.0,625.0,625.0,625.0,775.0,1750.0,1750.0,1750.0,1750.0,1750.0,1750.0,1750.0,2533.0,2933.0,3058.0,3058.0,3058.0,3058.0,3058.0,4548.0,4548.0,4548.0,4548.0,4548.0,4548.0,4548.0,5048.0,5448.0,5573.0,5573.0,5573.0,5573.0,5873.0,6073.0,6073.0,6073.0,6073.0,6073.0,6073.0,7023.0,7023.0,7023.0,8223.0,8223.0,8223.0,8223.0,8223.0,9123.0,12008.0,12008.0,12008.0,12008.0,12008.0,12008.0,12008.0,12008.0,12008.0
209,500.0,625.0,625.0,625.0,625.0,625.0,1725.0,1725.0,1735.0,1885.0,2285.0,2285.0,2285.0,3478.0,3878.0,4328.0,4328.0,4728.0,4728.0,4728.0,5820.0,5820.0,5870.0,6280.0,6290.0,6290.0,6290.0,7365.0,7365.0,8465.0,8875.0,8875.0,8875.0,9575.0,9575.0,9975.0,9975.0,9975.0,9975.0,9975.0,10675.0,10825.0,10825.0,11625.0,11625.0,12025.0,12025.0,14575.0,14575.0,18045.0,18145.0,18145.0,18295.0,18295.0,18295.0,18295.0,19015.0,19015.0
210,500.0,500.0,500.0,625.0,625.0,625.0,625.0,925.0,925.0,1335.0,1335.0,1335.0,1335.0,1335.0,1335.0,1485.0,1485.0,1885.0,1885.0,1885.0,1885.0,1885.0,1885.0,1885.0,1885.0,1885.0,1885.0,1885.0,2035.0,2035.0,2485.0,2485.0,2485.0,2485.0,2485.0,2885.0,2885.0,2885.0,2885.0,2885.0,2885.0,3025.0,3025.0,3425.0,3425.0,3825.0,3825.0,3825.0,4225.0,8355.0,9055.0,9055.0,9855.0,11922.0,12212.0,12362.0,12362.0,12362.0
289,0,0,0,0,0,650.0,1775.0,1775.0,1775.0,2335.0,2335.0,2335.0,2335.0,2935.0,2935.0,3060.0,3060.0,3060.0,3060.0,3460.0,4485.0,4485.0,4505.0,4605.0,4605.0,4605.0,4605.0,5580.0,6130.0,6530.0,6530.0,6530.0,6530.0,7230.0,7230.0,7230.0,7230.0,7230.0,7230.0,7230.0,7880.0,8030.0,8555.0,8955.0,8955.0,8955.0,8955.0,9015.0,9015.0,10860.0,10860.0,10860.0,10860.0,10860.0,11150.0,11150.0,11150.0,11150.0
290,500.0,594.0,594.0,594.0,594.0,744.0,1619.0,1619.0,1619.0,1619.0,1619.0,1619.0,1619.0,2569.0,2569.0,2569.0,2569.0,3029.0,3029.0,3329.0,4562.0,4562.0,4562.0,4562.0,4562.0,4572.0,4572.0,5372.0,5372.0,5372.0,5682.0,5682.0,5682.0,6407.0,7357.0,7357.0,7357.0,7357.0,7357.0,8157.0,8857.0,9657.0,9667.0,10277.0,10677.0,10677.0,10677.0,10677.0,10677.0,12972.0,12972.0,12972.0,13122.0,13122.0,13572.0,13572.0,13572.0,13572.0
291,500.0,625.0,625.0,750.0,750.0,750.0,1200.0,1510.0,1510.0,1845.0,1845.0,1845.0,1845.0,2445.0,2595.0,2595.0,2655.0,3055.0,3055.0,3055.0,3055.0,3205.0,3205.0,3605.0,3605.0,3605.0,3605.0,3605.0,3805.0,3805.0,4205.0,4205.0,4205.0,4205.0,4205.0,4205.0,4205.0,4205.0,4205.0,4205.0,4205.0,4205.0,4205.0,4215.0,4215.0,4215.0,4215.0,4215.0,4215.0,6890.0,6890.0,6890.0,6890.0,6890.0,6890.0,6890.0,6890.0,6890.0
292,500.0,625.0,625.0,750.0,750.0,900.0,1400.0,1570.0,1570.0,1580.0,1730.0,1730.0,1730.0,2497.0,2647.0,2947.0,3007.0,3407.0,3407.0,3407.0,4232.0,4432.0,4432.0,4542.0,4542.0,4542.0,4542.0,5392.0,5592.0,5717.0,6117.0,6117.0,6117.0,7017.0,7017.0,7017.0,7017.0,7017.0,7017.0,7017.0,7017.0,7967.0,7967.0,8027.0,8427.0,9037.0,9037.0,9037.0,9037.0,9037.0,9437.0,9437.0,9437.0,9703.0,9703.0,9703.0,9703.0,9703.0
293,500.0,500.0,625.0,750.0,750.0,900.0,1700.0,1860.0,1860.0,2810.0,2810.0,2810.0,2810.0,3677.0,3827.0,3927.0,3987.0,4397.0,4397.0,4397.0,5322.0,5522.0,5522.0,5732.0,5732.0,5732.0,5732.0,6457.0,6957.0,6957.0,7357.0,7357.0,7357.0,8057.0,8057.0,8057.0,8057.0,8057.0,8057.0,8057.0,8057.0,9007.0,9132.0,9577.0,9577.0,9577.0,9577.0,9577.0,9577.0,11842.0,11842.0,11842.0,11992.0,11992.0,12432.0,12432.0,12432.0,12432.0
294,500.0,625.0,625.0,625.0,625.0,775.0,1550.0,1560.0,1560.0,1960.0,1960.0,1960.0,1960.0,2777.0,2777.0,3052.0,3052.0,3512.0,3512.0,3512.0,4812.0,4812.0,4812.0,5262.0,5812.0,5812.0,5812.0,6062.0,6062.0,6187.0,6187.0,6187.0,6587.0,8087.0,9037.0,9037.0,9137.0,9137.0,9137.0,9137.0,10687.0,10687.0,10687.0,10907.0,11307.0,11307.0,11307.0,11307.0,11307.0,13602.0,13602.0,13602.0,13752.0,13752.0,13752.0,13752.0,13752.0,13752.0
367,0,0,125.0,125.0,125.0,775.0,2183.0,2183.0,2583.0,2583.0,2583.0,2583.0,2583.0,3766.0,3766.0,3891.0,3891.0,3891.0,3891.0,3891.0,5286.0,5686.0,5686.0,5686.0,5686.0,5686.0,5686.0,6636.0,6636.0,6761.0,6761.0,6761.0,6761.0,7761.0,7911.0,7911.0,7911.0,7911.0,7911.0,7911.0,8611.0,9461.0,9461.0,9461.0,9461.0,9461.0,9461.0,9461.0,9461.0,12266.0,12266.0,12266.0,12266.0,12266.0,12266.0,12266.0,12266.0,12266.0
368,0,0,0,0,0,0,383.0,533.0,533.0,943.0,943.0,943.0,1628.0,2128.0,2228.0,2228.0,2528.0,2928.0,2928.0,2928.0,3628.0,4238.0,4238.0,4548.0,4548.0,4548.0,4548.0,5048.0,5198.0,5898.0,6348.0,6348.0,6748.0,7473.0,7873.0,7873.0,7873.0,7873.0,7873.0,7873.0,9273.0,10063.0,10063.0,10463.0,10463.0,10463.0,10463.0,10463.0,10463.0,12893.0,12938.0,12938.0,13088.0,13088.0,13938.0,13938.0,13938.0,13938.0
369,0,0,0,0,0,650.0,1275.0,1275.0,1275.0,2235.0,2235.0,2235.0,2235.0,2885.0,2885.0,2885.0,2885.0,2885.0,2885.0,3585.0,5135.0,5135.0,5205.0,5305.0,5305.0,5305.0,5705.0,6605.0,6755.0,7280.0,7280.0,7280.0,7290.0,7950.0,7950.0,8750.0,8750.0,8750.0,8750.0,8750.0,8750.0,9500.0,9500.0,9900.0,9900.0,9900.0,9900.0,9900.0,9900.0,11745.0,11745.0,11745.0,11895.0,11895.0,12375.0,12375.0,12375.0,12375.0
370,0,0,0,125.0,125.0,775.0,2250.0,2250.0,2260.0,2660.0,2660.0,2660.0,2660.0,3820.0,3820.0,3945.0,3945.0,4405.0,4405.0,4405.0,5702.0,5702.0,5802.0,5802.0,5802.0,5802.0,5802.0,6987.0,6987.0,6987.0,7137.0,7137.0,7137.0,8137.0,9197.0,9197.0,9197.0,9747.0,9747.0,9747.0,9747.0,10747.0,10897.0,11847.0,12247.0,12247.0,12247.0,13597.0,15197.0,19202.0,19202.0,19202.0,19352.0,19352.0,20352.0,20352.0,20352.0,20352.0
